Workbook

Sheet Sheet4
A3: Row Labels | B3: Count of Description
A4: EQUIPMENT - OTHER | B4: 56
A5: BRAKES | B5: 25
A6: TRACK SWITCH FAILURE | B6: 24
A7: OPERATOR OVERSPEED | B7: 24
A8: HVAC | B8: 23
A9: TRACTION MOTORS | B9: 15
A10: TRANSPORTATION OTHER | B10: 14
A11: MISCELLANEOUS TRANSPORTATION OTHER (EMPLOYEE NON-CHARGEABLE) | B11: 14
A12: UNABLE TO MAINT SCHED DUE TO TRAFFIC/PASSENGER CONGESTION | B12: 12
A13: NO EQUIPMENT AVAILABLE | B13: 11
A14: Grand Total | B14: 218

Sheet TTC_LRT_Delays
A1: _id | B1: Date | C1: Line | D1: Time | E1: Day | F1: Station | G1: Code | H1: Min Delay | I1: Min Gap | J1: Bound | K1: Vehicle | L1: Description
A2: 1 | B2: 45998 | C2: FW | D2: 0.31180556 | E2: Sunday | F2: FINCH WEST FWLRT STATI | G2: TXDOE | H2: 0 | I2: 0 | J2: W | K2: 6509 | L2: =_xlfn.XLOOKUP(G2, CodeDescriptions!B:B, CodeDescriptions!C:C, "Unknown") -> DOORS OPEN IN ERROR
A3: 2 | B3: 45998 | C3: FW | D3: 0.38680556 | E3: Sunday | F3: MILVAN RUMIKE STOP | G3: EXTM | H3: 7 | I3: 17 | J3: W | K3: 6501 | L3: =_xlfn.XLOOKUP(G3, CodeDescriptions!B:B, CodeDescriptions!C:C, "Unknown") -> TRACTION MOTORS
A4: 3 | B4: 45998 | C4: FW | D4: 0.39236111 | E4: Sunday | F4: MILVAN RUMIKE STOP | G4: EXBK | H4: 5 | I4: 15 | J4: E | K4: 6512 | L4: =_xlfn.XLOOKUP(G4, CodeDescriptions!B:B, CodeDescriptions!C:C, "Unknown") -> BRAKES
A5: 4 | B5: 45998 | C5: FW | D5: 0.39861111 | E5: Sunday | F5: HUMBER COLLEGE STOP | G5: EXBO | H5: 4 | I5: 14 | J5: E | K5: 6502 | L5: =_xlfn.XLOOKUP(G5, CodeDescriptions!B:B, CodeDescriptions!C:C, "Unknown") -> BODY
A6: 5 | B6: 45998 | C6: FW | D6: 0.41319444 | E6: Sunday | F6: HUMBER COLLEGE STOP | G6: MXTO | H6: 5 | I6: 15 | J6: None | K6: 6508 | L6: =_xlfn.XLOOKUP(G6, CodeDescriptions!B:B, CodeDescriptions!C:C, "Unknown") -> MISCELLANEOUS TRANSPORTATION OTHER (EMPLOYEE NON-CHARGEABLE)
A7: 6 | B7: 45998 | C7: FW | D7: 0.42013889 | E7: Sunday | F7: TOBERMORY STOP | G7: EXBK | H7: 4 | I7: 14 | J7: E | K7: 6514 | L7: =_xlfn.XLOOKUP(G7, CodeDescriptions!B:B, CodeDescriptions!C:C, "Unknown") -> BRAKES
A8: 7 | B8: 45998 | C8: FW | D8: 0.42361111 | E8: Sunday | F8: FINCH WEST FWLRT STATI | G8: EXO | H8: 15 | I8: 25 | J8: E | K8: 6502 | L8: =_xlfn.XLOOKUP(G8, CodeDescriptions!B:B, CodeDescriptions!C:C, "Unknown") -> EQUIPMENT - OTHER
A9: 8 | B9: 45998 | C9: FW | D9: 0.45 | E9: Sunday | F9: ROWNTREE MILLS STOP | G9: EXBK | H9: 5 | I9: 15 | J9: W | K9: 6517 | L9: =_xlfn.XLOOKUP(G9, CodeDescriptions!B:B, CodeDescriptions!C:C, "Unknown") -> BRAKES
A10: 9 | B10: 45998 | C10: FW | D10: 0.46180556 | E10: Sunday | F10: EMERY STOP | G10: TXO | H10: 10 | I10: 20 | J10: E | K10: 6509 | L10: =_xlfn.XLOOKUP(G10, CodeDescriptions!B:B, CodeDescriptions!C:C, "Unknown") -> TRANSPORTATION OTHER
A11: 10 | B11: 45998 | C11: FW | D11: 0.525 | E11: Sunday | F11: NORFINCH OAKDALE STOP | G11: TXDOE | H11: 10 | I11: 20 | J11: E | K11: 6502 | L11: =_xlfn.XLOOKUP(G11, CodeDescriptions!B:B, CodeDescriptions!C:C, "Unknown") -> DOORS OPEN IN ERROR
A12: 11 | B12: 45998 | C12: FW | D12: 0.58125 | E12: Sunday | F12: EMERY STOP | G12: TXOS | H12: 5 | I12: 15 | J12: W | K12: 6507 | L12: =_xlfn.XLOOKUP(G12, CodeDescriptions!B:B, CodeDescriptions!C:C, "Unknown") -> OPERATOR OVERSHOT PLATFORM
A13: 12 | B13: 45998 | C13: FW | D13: 0.62083333 | E13: Sunday | F13: EMERY STOP | G13: TXOS | H13: 3 | I13: 13 | J13: W | K13: 6501 | L13: =_xlfn.XLOOKUP(G13, CodeDescriptions!B:B, CodeDescriptions!C:C, "Unknown") -> OPERATOR OVERSHOT PLATFORM
... A351: 350 | B351: 46022 | C351: FW | D351: 0.94236111 | E351: Wednesday | F351: NORFINCH OAKDALE STOP | G351: EXBK | H351: 0 | I351: 0 | J351: E | K351: 6504 | L351: =_xlfn.XLOOKUP(G351, CodeDescriptions!B:B, CodeDescriptions!C:C, "Unknown") -> BRAKES

Sheet CodeDescriptions
A1: _id | B1: CODE | C1: DESCRIPTION
A2: 1 | B2: EXAC | C2: HVAC
A3: 2 | B3: EXADD | C3: PANTO AUTOMATIC DROPDOWN
A4: 3 | B4: EXATC | C4: S&TCS CARBORNE EQUIPMENT
A5: 4 | B5: EXBK | C5: BRAKES
A6: 5 | B6: EXBO | C6: BODY
A7: 6 | B7: EXCB | C7: COUPLER BARRIER
A8: 7 | B8: EXCE | C8: COMMUNICATION EQUIPMENT (INCLUDES STOP ANNOUNCEMENT)
A9: 8 | B9: EXCO | C9: COUPLERS
A10: 9 | B10: EXDB | C10: DISC BRAKES
A11: 10 | B11: EXDO | C11: DOOR PROBLEMS (FAULTY EQUIPMENT)
A12: 11 | B12: EXECD | C12: ECD/LINE MECHANIC RELATED
A13: 12 | B13: EXGA | C13: GIDS ACTIVATION
... A131: 130 | B131: TXSV | C131: OPERATOR OVERSPEED
